timestamp,esp1_vib,esp2_vib,esp1_x,esp1_y,esp1_z,esp2_x,esp2_y,esp2_z,Output
2025-09-14 14:52:22,0,0,1598,1321,1397,1855,1535,1411,1
2025-09-14 14:52:23,0,0,1589,1313,1383,1858,1535,1409,1
2025-09-14 14:52:25,0,0,1589,1314,1389,1856,1535,1410,1
2025-09-14 14:52:26,0,0,1555,1200,1333,2045,1577,1280,1
2025-09-14 14:52:27,1,0,1798,1287,1383,1922,1505,1445,1
2025-09-14 14:52:29,1,0,1615,1314,1365,1870,1581,1387,1
2025-09-14 14:52:30,1,0,2000,1356,1237,2253,1462,1584,1
2025-09-14 14:52:31,1,0,1614,1331,1328,2253,1462,1584,1
2025-09-14 14:52:32,1,0,1602,1322,1363,1954,1579,1395,1
2025-09-14 14:52:33,1,0,1514,1339,1354,1747,1618,1273,1
2025-09-14 14:52:35,1,0,1607,1328,1408,1872,1520,1409,1
2025-09-14 14:52:36,1,0,1611,1328,1360,1853,1535,1405,1
2025-09-14 14:52:37,1,0,1689,1319,1345,2438,1455,1618,1
2025-09-14 14:52:39,1,0,1535,1317,1424,1526,1535,1327,1
2025-09-14 14:52:40,1,0,1594,1301,1406,2097,1535,1490,1
2025-09-14 14:52:42,1,0,1599,1310,1378,1762,1526,1392,1
2025-09-14 14:52:43,1,0,1572,1310,1390,1846,1535,1395,1
2025-09-14 14:52:44,1,0,1589,1328,1397,1846,1535,1395,1
2025-09-14 14:52:45,1,0,1577,1312,1437,1807,1535,1372,1
2025-09-14 14:52:47,1,0,1708,1296,1430,1911,1506,1439,1
2025-09-14 14:52:48,1,0,1610,1324,1390,1829,1534,1396,1
2025-09-14 14:52:49,1,0,1593,1315,1395,1831,1527,1395,1
2025-09-14 14:52:51,1,0,1598,1311,1379,1833,1534,1397,1
2025-09-14 14:52:52,1,0,1574,1305,1392,1845,1535,1406,1
2025-09-14 14:52:53,1,0,1574,1305,1392,1855,1535,1395,1
2025-09-14 14:52:54,1,0,1631,1319,1399,1845,1523,1403,1
2025-09-14 14:52:55,1,0,1622,1326,1405,1862,1523,1408,1
2025-09-14 14:52:57,1,0,1616,1328,1397,1855,1531,1405,1
2025-09-14 14:52:58,1,0,1600,1314,1383,1872,1535,1419,1
2025-09-14 14:53:00,1,0,1622,1309,1375,1858,1535,1406,1
2025-09-14 14:53:01,1,0,1535,1327,1375,1823,1515,1402,1
2025-09-14 14:53:02,1,0,1366,1173,1708,1828,1512,1406,1
2025-09-14 14:53:03,1,0,2183,1322,1293,2038,1431,1510,1
2025-09-14 14:53:04,1,0,1597,1326,1410,1838,1535,1393,1
2025-09-14 14:53:06,1,0,1575,1310,1391,1927,1555,1420,1
2025-09-14 14:53:07,1,0,1614,1385,1281,1846,1531,1407,1
2025-09-14 14:53:08,1,0,1626,1318,1410,1840,1535,1401,1
2025-09-14 14:53:10,1,0,1599,1313,1407,1861,1527,1395,1
2025-09-14 14:53:11,1,0,1612,1299,1391,1840,1522,1397,1
2025-09-14 14:53:12,1,0,1595,1299,1386,1876,1535,1408,1
2025-09-14 14:53:13,1,0,1650,1316,1392,1793,1533,1394,1
2025-09-14 14:53:15,1,0,1614,1326,1408,1850,1514,1406,1
2025-09-14 14:53:16,1,0,1562,1296,1441,1819,1559,1375,1
2025-09-14 14:53:17,1,0,1596,1326,1401,1725,1585,1337,1
2025-09-14 14:53:19,1,0,1647,1323,1413,1958,1570,1420,1
2025-09-14 14:53:20,1,0,1711,1311,1390,1827,1535,1393,1
2025-09-14 14:53:21,1,0,1595,1308,1426,1674,1590,1337,1
2025-09-14 14:53:23,1,0,1513,1333,1417,1840,1520,1419,1
2025-09-14 14:53:24,1,0,1715,1311,1375,1934,1503,1457,1
2025-09-14 14:53:25,1,0,1497,1342,1333,1933,1574,1409,1
2025-09-14 14:53:27,1,0,1646,1317,1421,1840,1535,1399,1
2025-09-14 14:53:28,1,0,1586,1297,1415,1891,1501,1437,1
2025-09-14 14:53:29,1,0,1614,1335,1382,1840,1530,1392,1
2025-09-14 14:53:31,1,0,1594,1314,1393,1867,1520,1406,1
2025-09-14 14:53:32,1,0,1558,1331,1398,1845,1515,1411,1
2025-09-14 14:53:33,1,0,1598,1296,1471,1870,1521,1407,1
2025-09-14 14:53:34,1,0,1629,1303,1397,1983,1552,1424,1
2025-09-14 14:53:36,1,0,1584,1317,1389,1759,1486,1401,1
2025-09-14 14:53:37,1,0,1584,1317,1389,1759,1486,1401,1
2025-09-14 14:53:38,1,0,1578,1302,1447,1853,1517,1399,1
2025-09-14 14:53:40,1,0,1527,1316,1422,1619,1561,1339,1
2025-09-14 14:53:41,1,0,1493,1322,1403,1846,1533,1409,1
2025-09-14 14:53:42,1,0,1626,1323,1403,1973,1582,1399,1
2025-09-14 14:53:43,1,0,1613,1328,1407,1906,1530,1421,1
2025-09-14 14:53:45,1,0,1434,1325,1417,1302,1600,1226,1
2025-09-14 14:53:46,1,0,1804,1350,1296,1791,1648,1291,1
2025-09-14 14:53:47,1,0,1597,1307,1475,1733,1568,1346,1
2025-09-14 14:53:49,1,0,1677,1318,1382,1675,1503,1414,1
2025-09-14 14:53:50,1,0,1680,1360,1296,1990,1620,1392,1
2025-09-14 14:53:51,1,0,1699,1288,1421,2073,1517,1471,1
2025-09-14 14:53:53,1,0,1657,1310,1405,2064,1507,1477,1
2025-09-14 14:53:54,1,0,1038,1341,1534,1915,1532,1415,1
2025-09-14 14:53:55,1,0,1616,1329,1359,1701,1600,1323,1
2025-09-14 14:53:57,1,0,1375,1268,1506,1809,1577,1359,1
2025-09-14 14:53:58,1,0,1566,1303,1427,1954,1559,1418,1
2025-09-14 14:54:00,1,0,1249,1269,1583,1853,1517,1428,1
2025-09-14 14:54:01,1,0,1635,1313,1417,1778,1509,1392,1
2025-09-14 14:54:02,1,0,1710,1265,1517,1697,1611,1328,1
2025-09-14 14:54:03,1,0,1586,1324,1367,1927,1522,1441,1
2025-09-14 14:54:05,1,0,1362,1312,1443,1826,1584,1356,1
2025-09-14 14:54:06,1,0,1720,1294,1399,1786,1587,1363,1
2025-09-14 14:54:07,1,0,1367,1363,1335,1943,1535,1429,1
2025-09-14 14:54:09,1,0,1636,1319,1403,1795,1552,1367,1
2025-09-14 14:54:10,1,0,1443,1329,1434,1826,1531,1368,1
2025-09-14 14:54:11,1,0,1389,1339,1418,1825,1535,1380,1
2025-09-14 14:54:13,1,0,1554,1306,1431,1846,1535,1390,1
2025-09-14 14:54:14,1,0,1344,1277,1555,1844,1575,1389,1
2025-09-14 14:54:15,1,1,1427,1390,1297,1856,1555,1405,1
2025-09-14 14:54:17,1,1,1567,1328,1374,1911,1535,1425,1
2025-09-14 14:54:18,1,1,1583,1325,1360,1741,1565,1348,1
2025-09-14 14:54:19,1,0,1562,1314,1387,1821,1535,1388,1
2025-09-14 14:54:21,1,1,1601,1328,1405,1847,1535,1401,1
2025-09-14 14:54:22,1,1,1670,1309,1392,1782,1570,1376,1
2025-09-14 14:54:23,1,1,1573,1328,1394,1862,1535,1413,1
2025-09-14 14:54:25,1,1,1555,1315,1392,1861,1523,1421,1
2025-09-14 14:54:26,1,1,1599,1331,1364,1794,1556,1385,1
2025-09-14 14:54:27,1,1,1602,1317,1408,1846,1533,1400,1
2025-09-14 14:54:28,0,1,1615,1323,1404,1858,1530,1412,1
2025-09-14 14:54:30,0,1,1609,1328,1402,1858,1535,1409,1
2025-09-14 14:54:31,1,1,1613,1313,1419,1861,1559,1396,1
2025-09-14 14:54:32,1,1,1653,1305,1427,1744,1581,1369,1
2025-09-14 14:54:34,1,0,1008,1301,1611,1922,1409,1507,1
2025-09-14 14:54:35,1,0,1008,1301,1611,1995,1489,1453,1
2025-09-14 14:54:36,1,1,1535,1329,1395,1917,1535,1408,1
2025-09-14 14:54:37,1,1,1583,1303,1445,1693,1535,1349,1
2025-09-14 14:54:39,1,1,1504,1304,1419,1730,1535,1377,1
2025-09-14 14:54:40,1,1,1247,1293,1497,1936,1441,1493,1
2025-09-14 14:54:41,1,1,1463,1324,1392,1936,1441,1493,1
2025-09-14 14:54:42,1,1,1244,1296,1642,1926,1490,1454,1
2025-09-14 14:54:43,1,0,2107,1347,1279,1838,1524,1398,1
2025-09-14 14:54:44,1,1,1605,1333,1392,1841,1535,1409,1
2025-09-14 14:54:46,1,1,1598,1344,1328,1759,1613,1346,1
2025-09-14 14:54:47,1,1,1487,1355,1379,1749,1495,1422,1
2025-09-14 14:54:48,1,1,1581,1334,1401,1878,1535,1419,1
2025-09-14 14:54:49,1,0,1590,1296,1466,1784,1497,1414,1
2025-09-14 14:54:50,1,1,1605,1310,1387,1872,1578,1395,1
2025-09-14 14:54:51,1,1,1879,1141,1653,1937,1535,1435,1
2025-09-14 14:54:53,1,1,1552,1238,1556,1712,1620,1328,1
2025-09-14 14:54:54,1,1,1601,1292,1451,1777,1706,1326,1
2025-09-14 14:54:55,1,0,1633,1273,1453,1818,1503,1415,1
2025-09-14 14:54:57,1,1,1438,1339,1402,1625,1472,1392,1
2025-09-14 14:54:58,1,1,1596,1330,1393,1900,1526,1429,1
2025-09-14 14:54:59,1,1,994,1232,1840,1838,1535,1408,1
2025-09-14 14:55:00,1,0,994,1232,1840,1801,1638,1328,1
2025-09-14 14:55:01,1,1,1614,1328,1393,1846,1567,1408,1
2025-09-14 14:55:03,1,1,1605,1324,1407,1861,1523,1408,1
2025-09-14 14:55:04,1,0,1289,1248,1632,1979,1481,1472,1
2025-09-14 14:55:05,1,0,1633,1281,1424,1879,1625,1347,1
2025-09-14 14:55:07,1,1,1599,1309,1391,1858,1499,1425,1
2025-09-14 14:55:08,1,0,1575,1326,1409,1851,1535,1399,1
2025-09-14 14:55:09,1,0,1614,1321,1410,1831,1535,1392,1
2025-09-14 14:55:11,1,1,1938,1374,1212,2044,1341,1597,1
2025-09-14 14:55:12,1,0,1656,1322,1387,1771,1479,1407,1
2025-09-14 14:55:13,1,0,1605,1296,1407,1901,1570,1390,1
2025-09-14 14:55:14,1,0,1628,1296,1408,1779,1559,1365,1
2025-09-14 14:55:16,1,1,1589,1307,1396,2034,1572,1430,1
2025-09-14 14:55:17,1,0,1511,1341,1399,1951,1456,1466,1
2025-09-14 14:55:18,1,1,1535,1297,1458,1760,1470,1425,1
2025-09-14 14:55:20,1,0,1580,1323,1415,1851,1531,1406,1
2025-09-14 14:55:21,1,0,1710,1319,1360,1860,1510,1414,1
2025-09-14 14:55:22,1,1,620,1413,1631,1895,1513,1433,1
2025-09-14 14:55:24,1,1,1451,1228,1597,1497,1535,1318,1
2025-09-14 14:55:25,1,1,1602,1340,1386,1920,1674,1344,1
2025-09-14 14:55:27,1,1,1584,1295,1419,1901,1495,1442,1
2025-09-14 14:55:41,1,0,1583,1315,1401,1827,1527,1391,1
2025-09-14 14:55:42,0,1,1593,1328,1404,1840,1535,1401,1
2025-09-14 14:55:44,1,1,1589,1319,1399,1851,1552,1408,1
2025-09-14 14:55:45,1,0,1584,1322,1407,1867,1519,1418,1
2025-09-14 14:55:46,1,0,1584,1313,1400,1835,1523,1407,1
2025-09-14 14:55:48,0,1,1587,1327,1406,1788,1534,1405,1
2025-09-14 14:55:49,0,1,1571,1311,1392,1838,1535,1401,1
2025-09-14 14:55:50,0,1,1571,1310,1392,1827,1531,1390,1
2025-09-14 14:55:52,0,0,1579,1322,1399,1827,1521,1391,1
2025-09-14 14:55:53,0,0,1566,1299,1381,1827,1501,1413,1
2025-09-14 14:55:54,1,1,1598,1310,1367,1856,1519,1410,1
2025-09-14 14:55:55,1,0,1639,1325,1403,1843,1526,1393,1
2025-09-14 14:55:57,0,1,1616,1326,1402,1854,1535,1414,1
2025-09-14 14:55:58,0,0,1606,1325,1405,1856,1535,1409,1
2025-09-14 14:55:59,1,0,1594,1310,1403,1840,1525,1394,1
2025-09-14 14:56:00,1,1,1619,1311,1392,1893,1533,1430,1
2025-09-14 14:56:01,1,1,1601,1296,1410,1851,1535,1410,1
2025-09-14 14:56:03,1,1,1564,1298,1455,1920,1535,1436,1
2025-09-14 14:56:04,1,1,1596,1328,1361,1827,1554,1392,1
2025-09-14 14:56:05,1,1,1589,1303,1392,1838,1532,1401,1
2025-09-14 14:56:07,1,1,1603,1306,1405,1832,1535,1396,1
2025-09-14 14:56:08,1,0,1600,1315,1379,1833,1524,1392,1
2025-09-14 14:56:09,1,1,1591,1301,1387,1845,1535,1405,1
2025-09-14 14:56:11,1,1,1626,1320,1403,1840,1535,1408,1
2025-09-14 14:56:12,1,1,1632,1322,1408,1862,1553,1406,1
2025-09-14 14:56:13,1,1,1607,1325,1395,1841,1535,1408,1
2025-09-14 14:56:14,1,0,1631,1319,1405,1859,1552,1413,1
2025-09-14 14:56:16,1,1,1611,1324,1399,1862,1535,1405,1
2025-09-14 14:56:17,0,1,1584,1307,1392,1838,1552,1400,1
2025-09-14 14:56:18,0,0,1623,1313,1410,1840,1527,1392,1
2025-09-14 14:56:20,0,0,1619,1317,1411,1839,1527,1387,1
2025-09-14 14:56:21,0,1,1616,1310,1405,1842,1535,1398,1
2025-09-14 14:56:22,0,1,1611,1322,1397,1854,1552,1408,1
2025-09-14 14:56:24,0,0,1614,1319,1407,1840,1534,1399,1
2025-09-14 14:56:25,0,0,1642,1315,1408,1830,1525,1382,1
2025-09-14 14:56:26,0,1,1617,1325,1406,1849,1535,1407,1
2025-09-14 14:56:27,0,1,1616,1318,1397,1849,1535,1407,1
2025-09-14 14:56:28,0,1,1611,1300,1390,1849,1535,1403,1
2025-09-14 14:56:29,0,0,1625,1321,1407,1842,1534,1396,1
2025-09-14 14:56:30,0,1,1586,1334,1371,1855,1555,1394,1
2025-09-14 14:56:31,0,0,1581,1307,1394,1839,1533,1391,1
2025-09-14 14:56:33,0,1,1578,1311,1393,1843,1535,1411,1
2025-09-14 14:56:34,0,0,1578,1311,1393,1843,1520,1399,1
2025-09-14 14:56:35,1,1,1613,1322,1397,1855,1535,1413,1
2025-09-14 14:56:37,1,0,1616,1316,1398,1856,1531,1406,1
2025-09-14 14:56:38,1,1,1610,1309,1393,1862,1535,1413,1
2025-09-14 14:56:39,1,1,1578,1306,1395,1851,1535,1409,1
2025-09-14 14:56:40,1,1,1571,1311,1390,1837,1525,1391,1
2025-09-14 14:56:42,0,1,1583,1317,1404,1851,1535,1409,1
2025-09-14 14:56:43,1,0,1575,1310,1418,1826,1524,1396,1
2025-09-14 14:56:44,1,0,1584,1324,1382,1858,1526,1398,1
2025-09-14 14:56:46,1,0,1579,1328,1392,1865,1535,1417,1
2025-09-14 14:56:47,0,1,1566,1310,1399,1847,1533,1414,1
2025-09-14 14:56:48,0,1,1581,1311,1382,1869,1535,1414,1
2025-09-14 14:56:50,0,0,1581,1311,1382,1863,1525,1406,1
2025-09-14 14:56:51,1,1,1585,1315,1425,1872,1525,1424,1
2025-09-14 14:56:52,1,0,1574,1322,1390,1829,1523,1392,1
2025-09-14 14:56:53,1,1,1586,1327,1402,1867,1526,1424,1
2025-09-14 14:56:55,1,1,1590,1317,1397,1856,1535,1408,1
2025-09-14 14:56:56,0,0,1569,1310,1401,1828,1522,1394,1
2025-09-14 14:56:58,0,0,1552,1316,1418,1831,1529,1393,1
2025-09-14 14:56:59,1,0,1579,1296,1402,1844,1552,1407,1
2025-09-14 14:57:00,1,0,1564,1307,1386,1821,1527,1388,1
2025-09-14 14:57:02,0,0,1590,1306,1409,1810,1522,1387,1
2025-09-14 14:57:03,0,1,1564,1311,1392,1829,1535,1393,1
2025-09-14 14:57:04,1,0,1580,1312,1389,1825,1527,1393,1
2025-09-14 14:57:05,0,1,1584,1313,1392,1851,1535,1409,1
2025-09-14 14:57:07,0,1,1570,1312,1389,1827,1532,1394,1
2025-09-14 14:57:08,0,0,1584,1322,1406,1819,1530,1392,1
2025-09-14 14:57:09,0,1,1584,1322,1403,1840,1535,1401,1
2025-09-14 14:57:10,0,1,1574,1313,1399,1845,1535,1406,1
2025-09-14 14:57:12,0,1,1573,1313,1391,1968,1535,1438,1
2025-09-14 14:57:13,0,1,1554,1331,1371,1845,1534,1408,1
2025-09-14 14:57:14,0,1,1570,1323,1397,1854,1535,1409,1
2025-09-14 14:57:16,0,0,1594,1312,1386,1850,1523,1408,1
2025-09-14 14:57:17,0,1,1609,1319,1397,1861,1534,1408,1
2025-09-14 14:57:18,1,0,1577,1315,1392,1841,1531,1399,1
2025-09-14 14:57:20,1,0,1570,1321,1386,1834,1523,1393,1
2025-09-14 14:57:21,1,1,1625,1321,1409,1840,1535,1406,1
2025-09-14 14:57:22,1,0,1595,1307,1372,1808,1535,1382,1
2025-09-14 14:57:24,0,1,1587,1313,1387,1841,1520,1393,1
2025-09-14 14:57:25,0,0,1601,1319,1402,1851,1530,1402,1
2025-09-14 14:57:26,0,0,1584,1308,1403,1856,1530,1394,1
2025-09-14 14:57:27,0,0,1602,1321,1393,1842,1524,1392,1
2025-09-14 14:57:29,0,0,1607,1327,1397,1850,1531,1396,1
2025-09-14 14:57:30,0,1,1584,1320,1377,1858,1552,1411,1
2025-09-14 14:57:31,0,1,1587,1322,1389,1858,1535,1408,1
2025-09-14 14:57:33,1,1,1594,1311,1397,1889,1535,1426,1
2025-09-14 14:57:34,1,0,1577,1309,1394,1862,1531,1408,1
2025-09-14 14:57:35,1,1,1632,1296,1399,1864,1532,1413,1
2025-09-14 14:57:37,1,1,1688,1301,1395,1885,1535,1415,1
2025-09-14 14:57:38,0,0,1627,1310,1424,1841,1488,1413,1
2025-09-14 14:57:39,0,0,1788,1302,1345,1861,1521,1396,1
2025-09-14 14:57:40,0,1,1595,1301,1412,1837,1534,1394,1
2025-09-14 14:57:42,0,1,1593,1294,1424,1850,1529,1403,1
2025-09-14 14:57:43,0,0,1616,1323,1397,1849,1533,1399,1
2025-09-14 14:57:44,1,0,1605,1315,1391,1796,1584,1345,1
2025-09-14 14:57:46,1,1,1621,1279,1446,2146,1472,1534,1
2025-09-14 14:57:47,1,0,1622,1343,1359,1873,1520,1417,1
2025-09-14 14:57:48,1,1,1600,1321,1397,1856,1535,1408,1
2025-09-14 14:57:50,1,1,1606,1326,1397,1844,1535,1407,1
2025-09-14 14:57:51,1,1,1595,1309,1392,1854,1535,1408,1
2025-09-14 14:57:52,1,1,1600,1311,1397,1853,1535,1406,1
2025-09-14 14:57:54,1,0,1607,1330,1407,1840,1525,1399,1
2025-09-14 14:57:55,0,1,1598,1317,1395,1853,1535,1408,1
2025-09-14 14:57:56,1,1,1579,1313,1372,1920,1686,1296,1
2025-09-14 14:57:57,1,1,1586,1311,1382,1856,1535,1413,1
2025-09-14 14:57:59,1,1,1585,1312,1392,1862,1535,1410,1
2025-09-14 14:58:00,1,1,1600,1315,1398,1853,1510,1431,1
2025-09-14 14:58:01,1,1,1602,1315,1392,1856,1535,1411,1
2025-09-14 14:58:03,1,0,1602,1305,1409,1870,1523,1413,1
2025-09-14 14:58:04,1,0,1588,1313,1382,1842,1526,1396,1
2025-09-14 14:58:05,1,1,1585,1307,1392,1856,1535,1408,1
2025-09-14 14:58:06,0,0,1603,1326,1401,1840,1526,1394,1
2025-09-14 14:58:08,0,1,1587,1315,1389,1852,1535,1406,1
2025-09-14 14:58:09,1,0,1610,1309,1392,1846,1518,1411,1
2025-09-14 14:58:10,1,1,1595,1313,1392,1852,1535,1411,1
2025-09-14 14:58:12,1,1,1591,1311,1390,1859,1535,1414,1
2025-09-14 14:58:13,1,0,1606,1326,1408,1840,1522,1393,1
2025-09-14 14:58:14,1,1,1589,1307,1392,1840,1523,1392,1
2025-09-14 14:58:16,1,1,1586,1308,1387,1854,1535,1408,1
2025-09-14 14:58:17,1,1,1579,1309,1386,1855,1535,1405,1
2025-09-14 14:58:18,1,1,1584,1301,1392,2221,1466,1554,1
2025-09-14 14:58:20,1,0,1590,1318,1406,1823,1523,1391,1
2025-09-14 14:58:21,0,0,1573,1315,1393,1827,1521,1391,1
2025-09-14 14:58:22,0,0,1572,1307,1387,1842,1527,1416,1
2025-09-14 14:58:23,1,0,1574,1326,1417,1849,1525,1394,1
2025-09-14 14:58:24,1,1,1665,1334,1367,1866,1535,1414,1
2025-09-14 14:58:26,1,1,1631,1328,1405,1847,1520,1398,1
2025-09-14 14:58:27,1,1,1606,1325,1398,1860,1535,1413,1
2025-09-14 14:58:28,1,0,1610,1325,1408,1837,1527,1397,1
2025-09-14 14:58:30,1,0,1602,1327,1397,1847,1529,1398,1
2025-09-14 14:58:31,0,0,1584,1310,1388,1850,1529,1397,1
2025-09-14 14:58:32,0,1,1588,1312,1387,1858,1535,1408,1
2025-09-14 14:58:33,0,1,1591,1310,1383,1849,1532,1404,1
2025-09-14 14:58:35,0,0,1599,1315,1392,1835,1520,1395,1
2025-09-14 14:58:36,1,1,1616,1324,1391,1825,1535,1393,1
2025-09-14 14:58:38,1,0,1501,1360,1351,1765,1533,1385,1
2025-09-14 14:58:39,1,1,1591,1325,1410,1846,1535,1407,1
2025-09-14 14:58:40,1,1,1591,1321,1403,1843,1535,1407,1
2025-09-14 14:58:42,0,0,1583,1315,1399,1851,1505,1408,1
2025-09-14 14:58:43,0,0,1578,1307,1395,1885,1531,1404,1
2025-09-14 14:58:45,1,1,1559,1323,1395,1872,1535,1416,1
2025-09-14 14:58:46,1,0,1610,1322,1402,1855,1535,1408,1
2025-09-14 14:58:47,1,0,1593,1327,1406,1854,1531,1411,1
2025-09-14 14:58:48,0,1,1600,1326,1397,1851,1535,1408,1
2025-09-14 14:58:49,0,0,1582,1306,1386,1839,1524,1396,1
2025-09-14 14:58:50,0,1,1601,1327,1406,1855,1535,1408,1
2025-09-14 14:58:52,0,0,1600,1322,1402,1847,1527,1401,1
2025-09-14 14:58:53,0,1,1605,1323,1396,1850,1535,1407,1
2025-09-14 14:58:54,0,1,1599,1326,1403,1848,1527,1401,1
2025-09-14 14:58:55,0,0,1604,1328,1396,1846,1531,1396,1
2025-09-14 14:58:57,0,1,1606,1322,1403,1857,1535,1412,1
2025-09-14 14:58:58,0,1,1602,1327,1398,1861,1535,1414,1
2025-09-14 14:58:59,0,0,1600,1327,1396,1841,1523,1396,1
2025-09-14 14:59:01,0,0,1599,1319,1402,1840,1531,1392,1
2025-09-14 14:59:02,0,0,1604,1323,1392,1840,1530,1398,1
2025-09-14 14:59:03,0,0,1601,1327,1407,1863,1535,1413,1
2025-09-14 14:59:04,0,0,1603,1322,1403,1836,1520,1392,1
2025-09-14 14:59:06,1,0,1328,1329,1456,1579,1603,1266,1
2025-09-14 14:59:07,1,0,1739,1315,1326,1837,1535,1381,1
2025-09-14 14:59:08,1,0,1639,1318,1386,1924,1611,1353,1
2025-09-14 14:59:10,1,1,1616,1328,1401,1863,1535,1410,1
2025-09-14 14:59:11,1,0,1610,1328,1398,1872,1494,1442,1
2025-09-14 14:59:12,1,1,1798,1354,1298,1751,1377,1475,1
2025-09-14 14:59:13,1,1,1375,1339,1443,1616,1443,1402,1
2025-09-14 14:59:15,1,1,1619,1322,1392,1844,1534,1406,1
2025-09-14 14:59:16,1,1,1610,1316,1410,1840,1555,1391,1
2025-09-14 14:59:17,1,1,1561,1333,1390,1903,1535,1393,1
2025-09-14 14:59:19,1,0,1571,1341,1373,1863,1567,1401,1
2025-09-14 14:59:20,1,1,1577,1321,1384,1825,1530,1409,1
2025-09-14 14:59:21,1,0,1685,1314,1423,1841,1557,1392,1
2025-09-14 14:59:23,1,1,1520,1351,1376,1865,1535,1410,1
2025-09-14 14:59:24,1,1,1592,1317,1424,1904,1535,1380,1
2025-09-14 14:59:25,1,1,1572,1301,1446,1847,1523,1407,1
2025-09-14 14:59:27,1,0,1594,1330,1329,1855,1531,1403,1
2025-09-14 14:59:28,1,0,1639,1323,1389,1859,1557,1399,1
2025-09-14 14:59:29,0,0,1642,1318,1416,1845,1530,1392,1
2025-09-14 14:59:30,0,0,1581,1299,1411,1872,1535,1405,1
2025-09-14 14:59:32,0,1,1616,1334,1409,1840,1521,1419,1
2025-09-14 14:59:33,0,0,1606,1314,1397,1839,1535,1385,1
2025-09-14 14:59:34,0,0,1599,1305,1420,1915,1494,1418,1
2025-09-14 14:59:36,0,0,1584,1302,1386,1839,1521,1395,1
2025-09-14 14:59:37,0,0,1610,1328,1392,1809,1535,1386,1
2025-09-14 14:59:38,0,1,1530,1317,1448,1863,1518,1405,1
2025-09-14 14:59:39,0,1,1597,1295,1424,1811,1530,1397,1
2025-09-14 14:59:41,1,0,1689,1347,1299,1855,1513,1423,1
2025-09-14 14:59:42,1,0,1584,1327,1401,1833,1522,1392,1
2025-09-14 14:59:43,1,0,1593,1328,1404,1829,1525,1390,1
2025-09-14 14:59:45,1,1,1570,1308,1378,1852,1535,1408,1
2025-09-14 14:59:46,1,0,1567,1305,1389,1829,1521,1392,1
2025-09-14 14:59:47,1,1,1584,1338,1408,1825,1520,1393,1
2025-09-14 14:59:49,1,0,1587,1325,1407,1829,1525,1391,1
2025-09-14 14:59:50,1,1,1535,1310,1409,1858,1535,1411,1
2025-09-14 14:59:51,1,1,1568,1262,1467,1887,1534,1419,1
2025-09-14 14:59:53,1,1,1590,1313,1392,1856,1535,1409,1
2025-09-14 14:59:54,1,0,1606,1330,1406,1840,1523,1395,1
2025-09-14 14:59:55,1,1,1586,1311,1386,1860,1535,1410,1
2025-09-14 14:59:56,1,1,1609,1326,1409,1855,1535,1410,1
2025-09-14 14:59:58,1,0,1600,1318,1395,1840,1522,1394,1
2025-09-14 14:59:59,1,0,1584,1303,1394,1843,1526,1399,1
2025-09-14 15:00:00,1,0,1601,1319,1406,1848,1531,1403,1
2025-09-14 15:00:02,0,0,1609,1328,1403,1847,1534,1397,1
2025-09-14 15:00:03,1,1,1602,1328,1389,1840,1509,1408,1
2025-09-14 15:00:04,1,1,1602,1328,1389,1827,1520,1394,1
2025-09-14 15:00:05,1,0,1634,1328,1392,1844,1520,1383,1
2025-09-14 15:00:07,1,0,1637,1318,1371,1817,1535,1388,1
2025-09-14 15:00:08,1,1,1515,1317,1379,1854,1535,1413,1
2025-09-14 15:00:09,1,0,1583,1311,1396,1813,1559,1385,1
2025-09-14 15:00:11,1,0,1577,1303,1393,1815,1525,1391,1
2025-09-14 15:00:12,1,1,1585,1325,1401,1841,1535,1407,1
2025-09-14 15:00:13,1,1,1580,1306,1386,1841,1535,1407,1
2025-09-14 15:00:14,1,1,1596,1326,1397,1856,1535,1411,1
2025-09-14 15:00:16,1,1,1593,1323,1399,1847,1535,1407,1
2025-09-14 15:00:17,1,0,1573,1303,1392,1831,1526,1398,1
2025-09-14 15:00:19,1,0,1572,1310,1391,1834,1520,1393,1
2025-09-14 15:00:21,1,0,1583,1321,1408,1821,1516,1393,1
2025-09-14 15:00:22,1,1,1569,1315,1391,1842,1527,1415,1
2025-09-14 15:00:23,0,0,1570,1309,1387,1841,1535,1407,1
2025-09-14 15:00:24,1,1,1573,1315,1385,1924,1535,1425,1
2025-09-14 15:00:25,1,1,1630,1319,1403,1872,1535,1414,1
2025-09-14 15:00:26,1,0,1617,1323,1405,1876,1535,1419,1
2025-09-14 15:00:28,1,0,1607,1325,1405,1856,1535,1410,1
2025-09-14 15:00:29,1,0,1594,1313,1390,1841,1553,1398,1
2025-09-14 15:00:32,1,0,1588,1303,1383,1840,1525,1395,1
2025-09-14 15:00:34,1,0,1588,1303,1383,1840,1525,1395,1
2025-09-14 15:00:35,1,1,1594,1319,1392,1863,1535,1408,1
2025-09-14 15:00:37,1,1,1616,1296,1410,1858,1535,1424,1
2025-09-14 15:00:38,0,1,1608,1327,1406,1854,1535,1412,1
2025-09-14 15:00:39,1,1,1591,1310,1383,1852,1535,1411,1
2025-09-14 15:00:40,1,1,1595,1331,1406,1861,1535,1410,1
2025-09-14 15:00:42,1,0,1604,1302,1391,1723,1565,1348,1
2025-09-14 15:00:43,0,0,1589,1322,1410,1837,1521,1396,1
2025-09-14 15:00:44,0,1,1585,1325,1402,1826,1520,1392,1
2025-09-14 15:00:45,1,1,1559,1328,1414,1854,1535,1408,1
2025-09-14 15:00:46,1,1,1584,1313,1388,1633,1506,1391,1
2025-09-14 15:00:47,1,0,1693,1360,1318,1828,1520,1395,1
2025-09-14 15:00:49,1,1,1601,1322,1383,1845,1535,1403,1
2025-09-14 15:00:50,0,1,1511,1358,1306,1846,1535,1402,1
2025-09-14 15:00:51,1,1,1580,1319,1394,1773,1535,1389,1
2025-09-14 15:00:53,1,0,1617,1319,1395,1823,1529,1392,1
2025-09-14 15:00:54,1,0,1519,1313,1425,1836,1529,1394,1
2025-09-14 15:00:55,1,1,1593,1327,1393,1845,1535,1405,1
2025-09-14 15:00:56,1,1,1616,1335,1378,1866,1530,1419,1
2025-09-14 15:00:58,1,1,1651,1362,1365,1851,1535,1409,1
2025-09-14 15:00:59,1,1,1501,1349,1375,1846,1535,1408,1
2025-09-14 15:01:00,1,1,1577,1307,1422,1846,1535,1408,1
2025-09-14 15:01:01,1,1,1650,1345,1482,1838,1532,1394,1
2025-09-14 15:01:03,1,1,1570,1312,1390,1840,1535,1407,1
2025-09-14 15:01:04,0,1,1626,1323,1392,1840,1535,1405,1
2025-09-14 15:01:05,0,1,1601,1315,1377,1859,1535,1411,1
2025-09-14 15:01:07,1,1,1590,1303,1405,1855,1535,1414,1
2025-09-14 15:01:08,0,1,1600,1319,1392,1856,1535,1413,1
2025-09-14 15:01:09,1,1,1604,1277,1507,1861,1535,1414,1
2025-09-14 15:01:10,1,0,1710,1327,1377,1839,1447,1472,1
2025-09-14 15:01:12,1,1,1584,1327,1392,1743,1552,1375,1
2025-09-14 15:01:13,1,0,1595,1328,1392,1841,1512,1392,1
2025-09-14 15:01:14,1,0,1591,1309,1394,1840,1520,1402,1
2025-09-14 15:01:16,1,1,1591,1309,1394,1862,1535,1411,1
2025-09-14 15:01:17,1,0,1600,1296,1414,1871,1562,1399,1
2025-09-14 15:01:18,1,0,1535,1327,1385,1879,1535,1399,1
2025-09-14 15:01:19,1,0,1475,1312,1466,1847,1535,1408,1
2025-09-14 15:01:20,1,0,1354,1294,1457,1845,1535,1386,1
2025-09-14 15:01:21,1,0,1757,1285,1389,1881,1563,1408,1
2025-09-14 15:01:22,1,1,1575,1323,1360,1751,1481,1421,1
2025-09-14 15:01:24,1,1,1821,1251,1439,1934,1472,1454,1
2025-09-14 15:01:25,1,0,1639,1306,1431,2258,1552,1450,1
2025-09-14 15:01:26,1,0,1553,1305,1392,1835,1571,1388,1
2025-09-14 15:01:27,1,0,1601,1328,1406,2137,1626,1419,1
2025-09-14 15:01:29,1,1,1744,1281,1417,1808,1605,1355,1
2025-09-14 15:01:30,1,1,1531,1322,1417,1945,1482,1470,1
2025-09-14 15:01:31,1,1,1447,1367,1345,1863,1447,1445,1
2025-09-14 15:01:33,1,1,1634,1305,1411,1814,1495,1418,1
2025-09-14 15:01:34,1,0,1621,1308,1407,1767,1535,1370,1
2025-09-14 15:01:35,1,0,1568,1321,1419,1777,1520,1410,1
2025-09-14 15:01:36,1,1,1661,1290,1409,1665,1535,1359,1
2025-09-14 15:01:38,1,1,1702,1295,1447,2096,1617,1425,1
2025-09-14 15:01:39,1,0,1510,1328,1373,2103,1579,1456,1
2025-09-14 15:01:40,1,1,1409,1350,1399,1832,1575,1377,1
2025-09-14 15:01:42,0,1,1478,1334,1411,1911,1502,1456,1
2025-09-14 15:01:43,1,1,1599,1343,1380,1854,1535,1396,1
2025-09-14 15:01:44,1,0,1535,1351,1377,1823,1511,1397,1
2025-09-14 15:01:45,1,1,1738,1296,1428,1795,1478,1437,1
2025-09-14 15:01:47,1,1,1709,1312,1383,1851,1535,1392,1
2025-09-14 15:01:48,1,1,1469,1349,1397,1586,1605,1296,1
2025-09-14 15:01:49,1,0,1510,1346,1379,1744,1534,1365,1
2025-09-14 15:01:51,1,0,1567,1313,1383,1837,1523,1392,1
2025-09-14 15:01:52,1,0,1629,1321,1360,1840,1508,1401,1
2025-09-14 15:01:53,1,1,1606,1320,1411,1866,1535,1414,1
2025-09-14 15:01:55,1,0,1616,1325,1410,1847,1535,1408,1
2025-09-14 15:01:56,1,0,1594,1306,1379,1827,1522,1392,1
2025-09-14 15:01:57,1,1,1598,1318,1398,1857,1535,1403,1
2025-09-14 15:01:58,0,1,1602,1328,1399,1872,1535,1411,1
2025-09-14 15:02:00,1,1,1605,1328,1397,1872,1535,1411,1
2025-09-14 15:02:01,1,1,1607,1328,1393,1856,1553,1407,1
2025-09-14 15:02:02,1,0,1609,1322,1399,1841,1528,1403,1
2025-09-14 15:02:04,1,1,1613,1327,1415,1856,1532,1413,1
2025-09-14 15:02:05,1,1,1610,1321,1427,1857,1535,1409,1
2025-09-14 15:02:06,0,1,1597,1332,1370,1872,1527,1432,1
2025-09-14 15:02:07,0,1,1585,1310,1385,1857,1534,1413,1
2025-09-14 15:02:09,0,0,1589,1310,1391,1838,1523,1396,1
2025-09-14 15:02:10,0,1,1596,1313,1381,1854,1534,1409,1
2025-09-14 15:02:11,0,1,1595,1327,1402,1816,1522,1392,1
2025-09-14 15:02:13,0,0,1568,1314,1382,1839,1511,1401,1
2025-09-14 15:02:14,0,1,1589,1319,1392,1850,1529,1411,1
2025-09-14 15:02:15,0,1,1604,1329,1398,1851,1530,1414,1
2025-09-14 15:02:17,0,0,1598,1316,1392,1859,1525,1409,1
2025-09-14 15:02:18,1,1,1595,1327,1401,1856,1526,1414,1
2025-09-14 15:02:19,1,0,1582,1327,1403,1856,1518,1398,1
2025-09-14 15:02:21,0,0,1585,1303,1386,1845,1521,1405,1
2025-09-14 15:02:22,0,1,1581,1321,1386,1872,1531,1415,1
2025-09-14 15:02:23,1,0,1505,1328,1400,1888,1535,1424,1
2025-09-14 15:02:25,1,0,1571,1325,1370,1852,1501,1437,1
2025-09-14 15:02:26,1,0,1616,1318,1420,1859,1535,1410,1
2025-09-14 15:02:27,1,0,1597,1309,1385,1855,1521,1411,1
2025-09-14 15:02:29,1,0,1591,1329,1399,1859,1535,1410,1
2025-09-14 15:02:30,0,0,1580,1324,1385,1866,1533,1411,1
2025-09-14 15:02:31,1,0,1589,1328,1395,1846,1527,1408,1
2025-09-14 15:02:33,1,0,1601,1333,1391,1861,1533,1415,1
2025-09-14 15:02:34,1,1,1604,1329,1393,1862,1534,1415,1
2025-09-14 15:02:35,1,1,1595,1318,1393,1862,1534,1415,1
2025-09-14 15:02:36,1,0,1597,1328,1399,1857,1535,1411,1
2025-09-14 15:02:38,1,0,1577,1346,1370,1850,1525,1406,1
2025-09-14 15:02:39,1,0,1597,1334,1393,1826,1518,1391,1
2025-09-14 15:02:41,0,0,1613,1328,1392,1847,1529,1407,1
2025-09-14 15:02:42,0,1,1601,1331,1402,1866,1525,1407,1
2025-09-14 15:02:44,1,0,1585,1319,1391,1856,1535,1409,1
2025-09-14 15:02:45,1,0,1609,1331,1399,1856,1534,1408,1
2025-09-14 15:02:46,1,0,1612,1326,1399,1865,1535,1412,1
2025-09-14 15:02:48,1,0,1607,1328,1402,1866,1535,1418,1
2025-09-14 15:02:49,1,0,1605,1328,1485,1825,1535,1450,1
2025-09-14 15:02:50,1,0,1595,1328,1394,1861,1531,1417,1
2025-09-14 15:02:51,1,0,1595,1321,1387,1847,1531,1408,1
2025-09-14 15:02:53,1,0,1565,1321,1382,1886,1520,1426,1
2025-09-14 15:02:54,1,0,1582,1321,1370,1863,1535,1407,1
2025-09-14 15:02:55,1,0,1535,1329,1395,1914,1488,1466,1
2025-09-14 15:02:56,1,0,1442,1341,1429,1914,1488,1466,1
2025-09-14 15:02:58,1,0,1600,1321,1403,1517,1659,1261,1
2025-09-14 15:02:59,1,0,1555,1355,1360,1335,1680,1220,1
2025-09-14 15:03:00,1,0,1611,1328,1395,1843,1535,1390,1
2025-09-14 15:03:02,1,0,1616,1324,1405,2763,1390,1718,1
2025-09-14 15:03:03,1,0,1616,1324,1405,1839,1556,1377,1
2025-09-14 15:03:04,1,0,1602,1297,1405,1677,1563,1347,1
2025-09-14 15:03:05,1,0,1578,1351,1351,1829,1503,1410,1
2025-09-14 15:03:06,1,0,1586,1314,1390,2031,1579,1427,1
2025-09-14 15:03:07,1,0,1594,1313,1379,1845,1527,1396,1
2025-09-14 15:03:09,1,0,1607,1328,1396,1859,1535,1413,1
2025-09-14 15:03:10,0,0,1606,1326,1387,1855,1535,1408,1
2025-09-14 15:03:11,0,0,1584,1314,1381,1840,1525,1392,1
2025-09-14 15:03:12,0,0,1605,1328,1397,1854,1527,1403,1
2025-09-14 15:03:14,0,0,1600,1323,1391,1845,1520,1405,1
2025-09-14 15:03:15,0,0,1594,1318,1379,1861,1535,1413,1
2025-09-14 15:03:16,0,0,1601,1326,1398,1835,1520,1391,1
2025-09-14 15:03:18,0,0,1601,1328,1397,1840,1522,1399,1
2025-09-14 15:03:19,0,0,1587,1315,1382,1845,1526,1407,1
2025-09-14 15:03:20,0,0,1584,1312,1391,1861,1535,1415,1
2025-09-14 15:03:21,0,0,1589,1311,1394,1864,1535,1412,1
2025-09-14 15:03:23,0,0,1585,1312,1383,1847,1533,1402,1
2025-09-14 15:03:24,0,0,1584,1316,1380,1840,1519,1392,1
2025-09-14 15:03:25,0,0,1584,1309,1383,1858,1535,1420,1
2025-09-14 15:03:26,0,0,1604,1328,1392,1849,1535,1410,1
2025-09-14 15:03:28,0,0,1599,1323,1397,1860,1535,1413,1
2025-09-14 15:03:29,1,0,1598,1330,1403,1840,1518,1394,1
2025-09-14 15:03:30,0,0,1602,1328,1400,1852,1535,1407,1
2025-09-14 15:03:32,0,0,1600,1311,1386,1856,1535,1411,1
2025-09-14 15:03:33,0,0,1602,1329,1399,1858,1535,1412,1
2025-09-14 15:03:34,0,0,1586,1310,1377,1846,1530,1408,1
2025-09-14 15:03:35,0,0,1579,1305,1391,1861,1535,1413,1
2025-09-14 15:03:37,0,0,1603,1328,1392,1847,1527,1402,1
2025-09-14 15:03:38,0,0,1586,1313,1387,1846,1524,1398,1
2025-09-14 15:03:39,0,0,1578,1317,1386,1855,1534,1410,1
2025-09-14 15:03:41,0,0,1600,1330,1396,1856,1535,1408,1
2025-09-14 15:03:42,0,0,1585,1312,1381,1842,1535,1402,1
2025-09-14 15:03:43,0,0,1605,1330,1395,1848,1529,1401,1
2025-09-14 15:03:44,0,0,1601,1325,1405,1856,1535,1409,1
2025-09-14 15:03:46,0,0,1594,1322,1385,1856,1535,1410,1
2025-09-14 15:03:47,0,0,1584,1310,1382,1840,1523,1396,1
2025-09-14 15:03:48,0,0,1586,1314,1378,1856,1535,1410,1
2025-09-14 15:03:50,0,0,1602,1326,1392,1840,1522,1392,1
2025-09-14 15:03:51,0,0,1603,1328,1406,1835,1529,1393,1
2025-09-14 15:03:52,0,0,1603,1331,1402,1857,1535,1410,1
2025-09-14 15:03:54,0,0,1603,1331,1402,1863,1535,1413,1
2025-09-14 15:03:55,0,0,1603,1331,1402,1841,1527,1399,1
2025-09-14 15:03:56,0,0,1603,1331,1402,1857,1533,1408,1
2025-09-14 15:03:57,0,0,1603,1328,1402,1854,1535,1410,1
2025-09-14 15:03:59,0,0,1584,1307,1385,1857,1535,1415,1
2025-09-14 15:04:00,0,0,1583,1310,1378,1856,1535,1408,1
2025-09-14 15:04:01,0,0,1600,1326,1399,1853,1534,1407,1
2025-09-14 15:04:03,0,0,1597,1321,1392,1841,1520,1394,1
2025-09-14 15:04:04,0,0,1582,1309,1382,1829,1529,1403,1
2025-09-14 15:04:05,0,0,1584,1313,1382,1861,1535,1412,1
2025-09-14 15:04:06,0,0,1601,1325,1399,1802,1535,1374,1
2025-09-14 15:04:08,0,0,1601,1325,1399,1869,1520,1419,1
2025-09-14 15:04:09,0,0,1601,1325,1399,1823,1520,1383,1
2025-09-14 15:04:10,1,0,1584,1312,1375,1810,1534,1391,1
2025-09-14 15:04:11,1,0,1570,1318,1397,1840,1523,1401,1
2025-09-14 15:04:13,1,0,1571,1309,1427,1853,1535,1408,1
2025-09-14 15:04:14,1,0,1567,1314,1389,1892,1526,1428,1
2025-09-14 15:04:15,1,0,1562,1313,1387,1805,1559,1392,1
2025-09-14 15:04:17,1,0,1593,1311,1374,1829,1526,1390,1
2025-09-14 15:04:18,1,0,1582,1312,1444,1867,1535,1415,1
2025-09-14 15:04:19,1,0,1584,1308,1380,1840,1507,1426,1
2025-09-14 15:04:20,1,0,1595,1322,1387,1862,1535,1408,1
2025-09-14 15:04:22,1,0,1564,1318,1382,1829,1520,1399,1
2025-09-14 15:04:23,1,0,1585,1311,1419,1895,1535,1421,1
2025-09-14 15:04:24,1,0,1571,1326,1395,1895,1535,1421,1
2025-09-14 15:04:26,1,0,1562,1303,1374,1895,1535,1421,1
2025-09-14 15:04:27,1,0,1564,1308,1394,1895,1535,1421,1
2025-09-14 15:04:28,1,0,1578,1327,1407,1895,1535,1421,1
2025-09-14 15:04:30,0,0,1579,1321,1391,1895,1535,1421,1
2025-09-14 15:04:31,1,0,1591,1330,1403,1845,1535,1412,1
2025-09-14 15:04:32,1,0,1561,1332,1393,1796,1561,1387,1
